Tier,Fit score,Company,City,Province,Call block,Main phone,Owner name,Owner title,Owner confidence (High/Medium/Low/None),Owner source URL,Owner direct line (published only),Owner direct line source,Website,Google rating,Google review count,Est. size signal,Hiring? (Y/N + source),Running ads? (Meta/Google/None/Unknown + source),Call hook,Hook source URL,Notes,Status,Call attempts,Last call date,Outcome,Do not call
A,17,Dynamic Heating and Cooling,Hamilton,ON,Lunch 12:00–12:45 PT,(289) 962-4811,Shawn Mount,Founder / Owner,High,https://dynamicheatandcool.ca/about-us/,,,https://dynamicheatandcool.ca/,5.0 (NSO.ca),~746 (600+ five-star Google per site),"~746 reviews; founded 2019; 2,000+ projects; family team (office mgr Sara Tigau, Shawn's parents in office/warehouse); area pages for Hamilton, Mississauga, Brampton, Oakville/Milton","N (last Indeed posting Oct 31 2025, outside 60 days)","None found (Meta Ad Library name search, Sep 29 2026 - keyword search, not definitive)","Grew from a 2019 start to 600+ five-star Google reviews and 2,000+ projects",https://niagarastandsout.ca/directory/hvac/hamilton/dynamic-heating-cooling,Fast-growing and marketing-savvy (city landing pages across the GTA). Hired a residential tech on Indeed in Oct 2025. [Score: size 3 / owner 3 / growth 2 / ads 2 / reputation 3 / residential 3 / response gap 1] [Ads/hiring rechecked Sep 29 2026],Not called,,,,
A,16,Maple Air Inc.,Vaughan,ON,Lunch 12:00–12:45 PT,(905) 532-0744,Hamid Farzanegan (Owner); Farzad Farzanegan (CEO),Owner / CEO,Medium,https://ca.linkedin.com/in/hamid-farzanegan-6a1685a4,,,https://www.mapleair.com/,4.8 (NSO.ca),"1,314","~1,314 reviews; Jane St shop since 1995; HVAC + electrical + fireplaces; 5x Carrier President's Award",Y - 'HVAC Service Technician (313D & G2)' posted Sep 19 2026 and 'HVAC Lead Dispatcher' posted Sep 3 2026 (Indeed),"None found (Meta Ad Library name search, Sep 29 2026 - keyword search, not definitive)",Hiring an HVAC service technician (posted Sep 19) and a lead dispatcher (posted Sep 3) on Indeed,https://to.indeed.com/aa9fvh9ksd9p,Upper end of size range; confirm under 50 staff. Two family names at the top - ask for Hamid. [Score: size 2 / owner 2 / growth 3 / ads 2 / reputation 3 / residential 3 / response gap 1] [Ads/hiring rechecked Sep 29 2026],Not called,,,,
B,15,Ashton Heating & Cooling Inc.,Oshawa (Courtice),ON,Lunch 12:00–12:45 PT,(905) 240-6055,Bill Ashton,Owner,Medium,https://www.bbb.org/ca/on/courtice/profile/heating-and-air-conditioning/ashton-heating-cooling-0107-1162760,,,https://ashtonheating.ca/,4.9,"515 (Google, per search summary)",~515 Google reviews; Ashton family business 15+ yrs; Courtice + Oshawa locations; serves Durham to Peterborough,"None found (Indeed name search, Sep 29 2026 - search is incomplete)","None found (Meta Ad Library name search, Sep 29 2026 - keyword search, not definitive)",4.9 stars from 515 Google reviews; a reviewer describes Bill personally installing a furnace over the holidays,https://www.homestars.com/profile/2813238-ashton-heating-and-cooling/reviews?page=7,Courtice is in Clarington (next to Oshawa). Listed number is the business line. [Score: size 2 / owner 3 / growth 1 / ads 2 / reputation 3 / residential 3 / response gap 1] [Ads/hiring rechecked Sep 29 2026],Not called,,,,
B,15,Central Heating,Barrie,ON,Lunch 12:00–12:45 PT,(705) 214-9610,Kevin McGowan,Owner,High,https://centralheatingontario.com/about-us/,,,https://centralheatingontario.com/,"4.9 (TrustedPros, 9 reviews)",Unverified,Founded 2007; Welham Rd unit,"Y - 'Dispatcher' at Central Heating Inc., Barrie, posted Sep 24 2026 (Indeed)","Meta (likely match - page 'Central Heating and Air conditioning Barrie') - active ads as of Sep 29 2026: 'Get $1,500 OFF Your Heating & AC System - This Week Only!' (started Sep 16) and 'Last Days - Get Heating & AC for $116/Month' (started Sep 2) - Meta Ad Library Page ID 162361557128798","Hiring a dispatcher on Indeed (posted Sep 24) and running a '$1,500 OFF' heating & AC ad on Facebook",https://to.indeed.com/aaqwrmyvlw2z,Already spends on marketing (syndicated PR). Google review count unknown. Ad page name matched by name + city only - confirm it's the same company. '$116/Month' ad suggests financing; check it isn't a rental contract before calling. [Score: size 1 / owner 3 / growth 3 / ads 3 / reputation 1 / residential 3 / response gap 1] [Ads/hiring rechecked Sep 29 2026],Not called,,,,
B,15,Creature Comforts HVAC Inc.,Burlington,ON,Lunch 12:00–12:45 PT,(289) 983-1383,Grant Gray; Dale Gray,Co-founders / owners (brothers),High,https://creaturecomfortshvac.ca/,,,https://creaturecomfortshvac.ca/,5.0 (Birdeye aggregate),"~1,035","~1,035 reviews; family business (mum Helen on phones, dad John in operations); residential + commercial; 24/7 emergency","None found (Indeed name search, Sep 29 2026 - search is incomplete)","None found (Meta Ad Library name search, Sep 29 2026 - keyword search, not definitive)","Voted Burlington's Best Heating & Cooling Contractor and Family Business 2013-2026; 5.0 stars on ~1,035 reviews",https://creaturecomfortshvac.ca/,"Review volume suggests upper end of size range - confirm under 50 staff. Office hours Mon-Fri 8-5 per listings, while the site advertises 24/7 emergency service. [Score: size 2 / owner 3 / growth 1 / ads 2 / reputation 3 / residential 3 / response gap 1] [Ads/hiring rechecked Sep 29 2026]",Not called,,,,
B,15,Smith Heating & Cooling Inc.,Hamilton (Dundas),ON,Lunch 12:00–12:45 PT,(905) 379-4248,Nathan Smith,Owner/operator,High,https://smithheatingandcooling.ca/about-us,,,https://smithheatingandcooling.ca/,5.0 (Birdeye aggregate),104,"~104 reviews; service area Dundas to Niagara, Oakville, Milton, Cambridge","None found (Indeed name search, Sep 29 2026 - search is incomplete)","None found (Meta Ad Library name search, Sep 29 2026 - keyword search, not definitive)",5.0 stars from ~104 reviews; reviewers name Nathan for punctuality and communication,https://reviews.birdeye.com/smith-heating-cooling-170705188744330,Wide service area for its size. [Score: size 2 / owner 3 / growth 1 / ads 2 / reputation 3 / residential 3 / response gap 1] [Ads/hiring rechecked Sep 29 2026],Not called,,,,
B,15,Spring Home Heating & Cooling Systems Inc.,Markham,ON,Lunch 12:00–12:45 PT,(416) 272-8898,George Li,Owner,Medium,https://www.bbb.org/ca/on/markham/profile/heating-and-air-conditioning/spring-home-heating-and-cooling-systems-inc-0107-1162748,,,https://springhome.ca/,4.7 (Birdeye aggregate),291,"~291 reviews; Trane dealer; serves Toronto, Markham, Richmond Hill; Torbay Rd shop","Y - 'HVAC Technician - Installation' on Indeed, posted Sep 22 2026","None found (Meta Ad Library name search, Sep 29 2026 - keyword search, not definitive)",Hiring an HVAC installation technician on Indeed (posted Sep 22),https://to.indeed.com/aar7jx77czlr,Hiring = growth signal. Sep 22 Indeed posting not re-found by name search on Sep 29 (search is incomplete) - may have closed. [Score: size 2 / owner 2 / growth 3 / ads 2 / reputation 2 / residential 3 / response gap 1] [Ads/hiring rechecked Sep 29 2026],Not called,,,,
B,15,Spurr Heating & Air Conditioning Inc.,Hamilton,ON,Lunch 12:00–12:45 PT,(905) 526-4875,Chad Spurr,Owner,Medium,https://www.bbb.org/ca/on/hamilton/profile/commercial-air-conditioning-contractors/spurr-heating-and-air-conditioning-inc-0107-1343951,,,https://spurrhvac.com/,4.9,"~1,113 (Google, per NSO.ca breakdown)","~1,100 Google reviews; residential Hamilton + Burlington; 15+ yrs; Hempstead Dr shop","None found (Indeed name search, Sep 29 2026 - search is incomplete)",Meta - 5 active '$99.99 Check' furnace tune-up ads as of Sep 29 2026 (started Sep 25) - Meta Ad Library Page ID 721928031301019,Running a $99.99 furnace check ad on Facebook right now (started Sep 25),https://www.facebook.com/ads/library/?id=4498242100456796,Already buying Meta ads - pitch the instant text-back / speed-to-lead angle. Review volume suggests upper end of size range. [Score: size 2 / owner 2 / growth 1 / ads 3 / reputation 3 / residential 3 / response gap 1] [Ads/hiring rechecked Sep 29 2026],Not called,,,,
B,15,Taunton Trades Ltd.,Whitby,ON,Lunch 12:00–12:45 PT,(905) 493-4227,Sean Lemery,Owner,High,https://tauntontrades.ca/about/,,,https://tauntontrades.ca/,4.9 (Birdeye aggregate),169,~169 reviews; McEwen Dr unit; residential + commercial/ICI experience,"None found (Indeed name search, Sep 29 2026 - search is incomplete)","None found (Meta Ad Library name search, Sep 29 2026 - keyword search, not definitive)",4.9 stars from ~169 reviews; owner Sean Lemery has 25+ years in the trade,https://reviews.birdeye.com/taunton-trades-ltd-163295691527841, [Score: size 2 / owner 3 / growth 1 / ads 2 / reputation 3 / residential 3 / response gap 1] [Ads/hiring rechecked Sep 29 2026],Not called,,,,
B,14,Air Flow Heating & Cooling Ltd.,Mississauga,ON,Lunch 12:00–12:45 PT,(905) 507-2665,Hossein Ovisi; Rod Sedaghat,Co-owners,Medium,https://www.air-flow.ca/,,,https://www.air-flow.ca/,4.9 (Birdeye aggregate),133,~133 reviews; residential GTA; owner Hossein in HVAC since 1993,"None found (Indeed name search, Sep 29 2026 - search is incomplete)","None found (Meta Ad Library name search, Sep 29 2026 - keyword search, not definitive)",4.9 stars from ~133 reviews; customers name Rod for fast arrival,https://reviews.birdeye.com/air-flow-heating-cooling-ltd-163398611493606,Two co-owners named on site per search summary; ask for Hossein or Rod. [Score: size 2 / owner 2 / growth 1 / ads 2 / reputation 3 / residential 3 / response gap 1] [Ads/hiring rechecked Sep 29 2026],Not called,,,,
B,14,Cozy World Inc.,Richmond Hill,ON,Lunch 12:00–12:45 PT,(416) 855-3651,Boris Sherman,Owner,Medium,https://bbb.org/ca/on/toronto/profile/heating-and-air-conditioning/cozy-world-inc-0107-1159197,,,https://www.cozyworld.ca/,4.9 (NSO.ca),252,~252 reviews; since 1991; Toronto + Richmond Hill (16 Sims Cres) offices,"None found (Indeed name search, Sep 29 2026 - search is incomplete)","None found (Meta Ad Library name search, Sep 29 2026 - keyword search, not definitive)",In business since 1991; 4.9 stars from ~252 reviews,https://niagarastandsout.ca/directory/hvac/richmond-hill/cozy-world-inc-richmond-hill,Earlier logged as Toronto; has a Richmond Hill office so included here. Owner via BBB summary. [Score: size 2 / owner 2 / growth 1 / ads 2 / reputation 3 / residential 3 / response gap 1] [Ads/hiring rechecked Sep 29 2026],Not called,,,,
B,14,Econoair Heating & Cooling Inc.,Richmond Hill,ON,Lunch 12:00–12:45 PT,(905) 763-2400,Eiden Patros (co-founder with Dani),Owner / Co-founder,Medium,https://econoairhc.com/blog/author/eiden-patros/,,,https://econoairhc.com/,4.9 (Birdeye/NSO),411-441,~430 reviews; 3 locations per owner bio; serves Richmond Hill to Oakville; 24/7,"None found (Indeed name search, Sep 29 2026 - search is incomplete)","None found (Meta Ad Library name search, Sep 29 2026 - keyword search, not definitive)",4.9 stars from ~430 reviews; offers same-day appointments and 24/7 emergency repair,https://reviews.birdeye.com/econoair-heating-cooling-inc-166719513486453,One review calls 'Bruce' the owner - minor conflict. Three locations (under the 5 limit). [Score: size 2 / owner 2 / growth 1 / ads 2 / reputation 3 / residential 3 / response gap 1] [Ads/hiring rechecked Sep 29 2026],Not called,,,,
B,14,Furnace King Home Services,Mississauga,ON,Lunch 12:00–12:45 PT,(905) 564-5464,Anthony Damiani,Partner/Owner,Medium,https://www.bbb.org/ca/on/mississauga/profile/heating-and-air-conditioning/furnace-king-home-services-0107-1187715,,,https://furnaceking.ca/,4.9 (Birdeye aggregate),907,~907 reviews; family-owned since 1981; HVAC + home services,"None found (Indeed name search, Sep 29 2026 - search is incomplete)","None found (Meta Ad Library name search, Sep 29 2026 - keyword search, not definitive)",4.9 stars from ~907 reviews; family-owned since 1981,https://reviews.birdeye.com/furnace-king-home-services-166789500560016,Review volume suggests upper end of size range (could be 20-40 staff); confirm size on call. 'Partner' title per BBB summary; reviews call Anthony the owner. [Score: size 2 / owner 2 / growth 1 / ads 2 / reputation 3 / residential 3 / response gap 1] [Ads/hiring rechecked Sep 29 2026],Not called,,,,
B,14,Georgian Home Comfort,Barrie,ON,Lunch 12:00–12:45 PT,(705) 720-2665,Chris Yanch,Owner,Medium,https://www.georgianheatingandcooling.com/contact/,,,https://www.georgianhomecomfort.com/,4.8 (Birdeye aggregate),321,~321 reviews; Huronia Rd shop,"None found (Indeed name search, Sep 29 2026 - search is incomplete)","None found (Meta Ad Library name search, Sep 29 2026 - keyword search, not definitive)",4.8 stars from ~321 reviews; reviewers note techs explain furnace mechanics thoroughly,https://reviews.birdeye.com/georgian-home-comfort-163399262990668,Owner via search summary of their listing - confirm. [Score: size 2 / owner 2 / growth 1 / ads 2 / reputation 3 / residential 3 / response gap 1] [Ads/hiring rechecked Sep 29 2026],Not called,,,,
B,14,Glors Heating & Air Conditioning,Mississauga,ON,Lunch 12:00–12:45 PT,(647) 883-4051,Vaibhav Patel,Founder,Medium,https://www.americanstandardair.com/dealers/glors-heating-and-air-conditioning-mississauga-ontario-1003319/,,,https://www.glorsheating.com/,4.9 (Birdeye aggregate),467,~467 reviews; 17+ yrs; serves Mississauga/Brampton/Oakville; '5000+ customers' (site blog),"None found (Indeed name search, Sep 29 2026 - search is incomplete)","None found (Meta Ad Library name search, Sep 29 2026 - keyword search, not definitive)",4.9 stars across ~467 reviews and '5000+ happy customers' in 14 years (their own blog),https://reviews.birdeye.com/glors-heating-and-air-conditioning-166930218921614,Owner name from dealer-locator/search summary; confirm on site About page. American Standard dealer. [Score: size 2 / owner 2 / growth 1 / ads 2 / reputation 3 / residential 3 / response gap 1] [Ads/hiring rechecked Sep 29 2026],Not called,,,,
B,14,Precision HVAC Mechanics Inc.,Oakville,ON,Lunch 12:00–12:45 PT,(905) 678-7420,,,None,,,,https://precisionhvacmechanics.ca/,4.9 (NSO.ca / Birdeye),430-452,~450 reviews; BBB accredited since Nov 2023; serves Oakville + GTA,Y - 'HVAC Administrative Assistant' (part-time) posted Sep 21 2026 (Indeed),"None found (Meta Ad Library name search, Sep 29 2026 - keyword search, not definitive)",Hiring a part-time HVAC administrative assistant on Indeed (posted Sep 21); 4.9 stars from ~450 reviews,https://to.indeed.com/aa86h7qqx4jc,No owner name found on site/BBB summaries; ask who handles marketing. Strong review volume for size. Hiring office help while taking ~450 reviews' worth of calls - response-gap angle for discovery. [Score: size 2 / owner 0 / growth 3 / ads 2 / reputation 3 / residential 3 / response gap 1] [Ads/hiring rechecked Sep 29 2026],Not called,,,,
B,14,Smile HVAC Service and Installation Corp.,Barrie / Concord,ON,Lunch 12:00–12:45 PT,(437) 777-4555,Genadi Kahanovich,Owner,Medium,https://www.bbb.org/ca/on/concord/profile/heating-and-air-conditioning/smile-hvac-service-and-installation-corp-0107-1365910,,,https://smilehvac.ca/,5.0 (Birdeye aggregate),150,~150 reviews; serves Toronto/GTA + Barrie; BBB address in Concord,"None found (Indeed name search, Sep 29 2026 - search is incomplete)","None found (Meta Ad Library name search, Sep 29 2026 - keyword search, not definitive)",5.0 stars from ~150 reviews; offers 24/7 consultations,https://reviews.birdeye.com/smile-hvac-166908093380812,Barrie address is residential; BBB lists Concord (Vaughan). [Score: size 2 / owner 2 / growth 1 / ads 2 / reputation 3 / residential 3 / response gap 1] [Ads/hiring rechecked Sep 29 2026],Not called,,,,
B,14,Special Gas Services Ltd.,Brampton,ON,Lunch 12:00–12:45 PT,(905) 451-9081,Ted Vandermeer,Owner,Medium,https://www.bbb.org/ca/on/brampton/profile/heating-and-air-conditioning/special-gas-services-ltd-0107-1145939,,,https://www.specialgasservices.com/,4.8 (Birdeye aggregate),52,Family owned since 1968; furnace/AC/gas water heater/fireplace/pool heater; Lennox dealer,"None found (Indeed name search, Sep 29 2026 - search is incomplete)","Meta - 5 active ads as of Sep 29 2026, incl. 'Serving Brampton and surrounding areas' (started Sep 14) and 'Your Local HVAC Company in Brampton' (started Sep 8) - Meta Ad Library Page ID 1532717366979353",Running 5 Facebook ads right now; the newest ones started Sep 14 ('Serving Brampton and surrounding areas'),https://www.facebook.com/ads/library/?id=1074399565557646,"Already spends on Meta, so a strong fit for the offer. Owner via BBB/search summary. [Score: size 2 / owner 2 / growth 1 / ads 3 / reputation 2 / residential 3 / response gap 1] [Ads/hiring rechecked Sep 29 2026]",Not called,,,,
B,13,B & G Heating & Cooling,Hamilton,ON,Lunch 12:00–12:45 PT,(905) 574-8747,Jennifer Raymond,Owner,High,https://www.bgheating.ca/about-us/,,,https://bgheating.ca/,Unverified,Unverified,"Family-owned since 1989; Hamilton, Stoney Creek, Grimsby; 24/7 on call","None found (Indeed name search, Sep 29 2026 - search is incomplete)","None found (Meta Ad Library name search, Sep 29 2026 - keyword search, not definitive)",Family-owned since 1989; owner Jennifer Raymond named on their About page,https://www.bgheating.ca/about-us/,Based in Hannon (Hamilton). Second number 647-930-1415. [Score: size 2 / owner 3 / growth 1 / ads 2 / reputation 1 / residential 3 / response gap 1] [Ads/hiring rechecked Sep 29 2026],Not called,,,,
B,13,Convertible Heating and Air Conditioning Inc.,Mississauga,ON,Lunch 12:00–12:45 PT,(800) 423-0969,Amodeo family (Sam / Christopher / Sandy named),Owners,Low,https://www.homestars.com/profile/2779876-convertible-heating-air-conditioning-inc,,,https://www.convertibleair.com/,4.9 (Birdeye aggregate),103,Family-owned since 1967; 80+ pages of HomeStars reviews,"None found (Indeed name search, Sep 29 2026 - search is incomplete)","None found (Meta Ad Library name search, Sep 29 2026 - keyword search, not definitive)",Family-owned by the Amodeo family since 1967,https://www.convertibleair.com/about/,Sources name different family members; ask for the owner. Only a 1-800 number found; look for a local line on the site. [Score: size 2 / owner 1 / growth 1 / ads 2 / reputation 3 / residential 3 / response gap 1] [Ads/hiring rechecked Sep 29 2026],Not called,,,,
B,13,Delta T Heating & Cooling Inc.,Brampton,ON,Lunch 12:00–12:45 PT,(416) 710-4858,Lomesh (surname unknown),Named in reviews - role unconfirmed,Low,https://www.homestars.com/profile/2860895-delta-t-heating-cooling-inc/reviews,,,https://deltathci.ca/,4.9 (Birdeye aggregate),126,~126 reviews; family-owned and operated,Not checked (Indeed rate-limited Sep 29 2026),"None found (Meta Ad Library name search, Sep 29 2026 - keyword search, not definitive)",4.9 stars from ~126 reviews,https://reviews.birdeye.com/delta-t-heating-cooling-inc-166754570109971,Owner unclear; ask for the owner. Residential address. [Score: size 2 / owner 1 / growth 1 / ads 2 / reputation 3 / residential 3 / response gap 1] [Ads/hiring rechecked Sep 29 2026],Not called,,,,
B,13,Evam Canada Inc.,Mississauga,ON,Lunch 12:00–12:45 PT,(905) 624-5544,Ed (surname unknown),Director (per customer review),Low,https://www.homestars.com/profile/2788076-evam-canada-inc/reviews,,,https://www.evamcanada.com/,4.9 (Birdeye aggregate),134,~134 reviews; est. 1998; serves Mississauga/Oakville/Burlington/Milton,Not checked (Indeed rate-limited Sep 29 2026),"None found (Meta Ad Library name search, Sep 29 2026 - keyword search, not definitive)","4.9 stars from ~134 reviews; family-owned, serving Mississauga since 1998",https://reviews.birdeye.com/evam-canada-inc-163487701743782,"Owner known only as 'Ed, the director' from a review; ask for Ed. BBB lists them under commercial A/C but site is residential-led. [Score: size 2 / owner 1 / growth 1 / ads 2 / reputation 3 / residential 3 / response gap 1] [Ads/hiring rechecked Sep 29 2026]",Not called,,,,
B,13,HAMCO Heating & Cooling Ltd.,Hamilton,ON,Lunch 12:00–12:45 PT,(905) 527-1049,Thomas E. Vasilak,President (3rd-generation family business),Low,https://www.zoominfo.com/pic/hamco-heating--cooling-ltd/345608188,,,https://hamco.ca/,4.8 (NSO.ca),632,"~632 reviews; since 1946; serves Hamilton, Halton, Burlington, Grimsby, Oakville, Brantford, Mississauga","None found (Indeed name search, Sep 29 2026 - search is incomplete)","None found (Meta Ad Library name search, Sep 29 2026 - keyword search, not definitive)",Third-generation family business serving Hamilton since 1946; 4.8 stars from 632 reviews,https://hamco.ca/about-hamco/,Sources disagree on president (Thomas E. Vasilak vs John Vasilak per D&B) - hence Low. Andrew Vasilak is Operations Manager. Could be near 50 staff; confirm. [Score: size 2 / owner 1 / growth 1 / ads 2 / reputation 3 / residential 3 / response gap 1] [Ads/hiring rechecked Sep 29 2026],Not called,,,,
B,13,HVAC Mechanical Systems,Vaughan,ON,Lunch 12:00–12:45 PT,(647) 404-4461,Joshua O. (surname not shown),Manager / business owner (Yelp),Low,https://www.yelp.ca/biz/hvac-mechanical-systems-vaughan,,,https://hvacmechanicalsystems.com/,"4.8 (Google, per search summary)",73 Google / 90 Birdeye,~73-90 reviews; open Mon-Sat from 6am,"None found (Indeed name search, Sep 29 2026 - search is incomplete)","None found (Meta Ad Library name search, Sep 29 2026 - keyword search, not definitive)",Some reviews on Birdeye mention late arrivals and warranty follow-up issues,https://reviews.birdeye.com/hvac-mechanical-systems-166926452384357,"Response-gap signal in reviews (late arrivals). Use the hook carefully - frame as 'customers want faster updates', never criticize. [Score: size 1 / owner 1 / growth 1 / ads 2 / reputation 2 / residential 3 / response gap 3] [Ads/hiring rechecked Sep 29 2026]",Not called,,,,
B,13,Hamilton Home Comfort,Hamilton (Stoney Creek),ON,Lunch 12:00–12:45 PT,(905) 643-0981,Brendan Kover; Alexander Kover,Owners (father & son),High,https://hamiltonhomecomfort.com/,,,https://hamiltonhomecomfort.com/,4.8 (TrustAnalytica),Unverified,Family-owned since 2007; HVAC + fireplaces; Fruitland Rd,"None found (Indeed name search, Sep 29 2026 - search is incomplete)","None found (Meta Ad Library name search, Sep 29 2026 - keyword search, not definitive)",Announced in June 2026 that they now carry Kepler air conditioners and furnaces,https://investor.wedbush.com/wedbush/article/getfeatured-2026-6-23-hamilton-home-comfort-now-offers-kepler-air-conditioners-and-furnaces,Paid press release in June 2026 suggests they spend on marketing. [Score: size 1 / owner 3 / growth 2 / ads 2 / reputation 1 / residential 3 / response gap 1] [Ads/hiring rechecked Sep 29 2026],Not called,,,,
B,13,Haven Heating & Cooling Ltd.,Hamilton,ON,Lunch 12:00–12:45 PT,(289) 674-2665,Mark Kybartas,Owner,High,https://www.havenhvac.ca/about-hvac,,,https://www.havenhvac.ca/,Unverified,Unverified,"Since Nov 2018; HVAC, sheet metal, hydronic/radiant, custom homes","None found (Indeed name search, Sep 29 2026 - search is incomplete)","None found (Meta Ad Library name search, Sep 29 2026 - keyword search, not definitive)",Owner Mark Kybartas praised in reviews for no-pressure estimates; in business since 2018,https://www.homestars.com/profile/2940773-haven-heating-and-cooling-ltd/reviews,"Hours Mon-Fri 8-5, closed weekends (listing) - possible after-hours gap. Size unknown. [Score: size 1 / owner 3 / growth 1 / ads 2 / reputation 1 / residential 3 / response gap 2] [Ads/hiring rechecked Sep 29 2026]",Not called,,,,
B,13,Husky Heating and Air Conditioning,Vaughan,ON,Lunch 12:00–12:45 PT,(905) 761-9485,Alex Fedontchouk (BBB) / Justin James (other source),Owner (sources disagree),Low,https://www.bbb.org/ca/on/vaughan/profile/heating-and-air-conditioning/husky-heating-and-air-conditioning-0107-1032709,,,https://www.huskyair.com/,4.8 (Birdeye aggregate),"~1,105","~1,105 reviews; family business since 1974; Hwy 7 W unit; open 24/7","None found (Indeed name search, Sep 29 2026 - search is incomplete)","None found (Meta Ad Library name search, Sep 29 2026 - keyword search, not definitive)","Family business since 1974 with 4.8 stars from ~1,100 reviews",https://reviews.birdeye.com/husky-heating-and-air-conditioning-165500169492477,Owner sources disagree - ask for the owner by role. Upper end of size range. [Score: size 2 / owner 1 / growth 1 / ads 2 / reputation 3 / residential 3 / response gap 1] [Ads/hiring rechecked Sep 29 2026],Not called,,,,
B,13,IKAD Mechanical Heating & Cooling Inc.,Oakville,ON,Lunch 12:00–12:45 PT,(905) 491-6943,Ahmad (surname not stated),Founder,Medium,https://www.ikad.ca/about/,,,https://ikad.ca/,Unverified,Unverified,Family-owned plumbing + HVAC since 2010; shop on Upper Middle Rd,"None found (Indeed name search, Sep 29 2026 - search is incomplete)","None found (Meta Ad Library name search, Sep 29 2026 - keyword search, not definitive)",Founder Ahmad still answers the phone most weekdays and is on most installs (their About page),https://www.ikad.ca/about/,"Reviews also name 'Mohanad' as one of the owners - possible co-owner. Owner answers phones himself, which is a response-gap angle. [Score: size 1 / owner 3 / growth 1 / ads 2 / reputation 1 / residential 3 / response gap 2] [Ads/hiring rechecked Sep 29 2026]",Not called,,,,
B,13,Stott HVAC Systems Inc.,Markham,ON,Lunch 12:00–12:45 PT,(905) 604-6002,Tyler Stott,Founder / Owner,High,https://www.stotthvacsystems.ca/our-story,,,https://www.stotthvacsystems.ca/,4.9 (Birdeye aggregate),69,~69 reviews; Markham (Idema Rd / Don Park Rd),"None found (Indeed name search, Sep 29 2026 - search is incomplete)","None found (Meta Ad Library name search, Sep 29 2026 - keyword search, not definitive)",4.9 stars from ~69 reviews; founder Tyler Stott tells the company story on the site,https://reviews.birdeye.com/stott-hvac-systems-166987972491555,Owner's direct email is partly masked on ZoomInfo - not used. Main line only. [Score: size 1 / owner 3 / growth 1 / ads 2 / reputation 2 / residential 3 / response gap 1] [Ads/hiring rechecked Sep 29 2026],Not called,,,,
B,12,905 HVAC,Burlington,ON,Lunch 12:00–12:45 PT,(905) 920-4120,Omar (surname unknown),Named in reviews - role unconfirmed,Low,https://reviews.birdeye.com/905-hvac-166944942675405,,,https://905hvac.ca/,5.0 (Birdeye/NSO),~120-136,"~136 reviews; heating, A/C and refrigeration; Fairchild Blvd","None found (Indeed name search, Sep 29 2026 - search is incomplete)","None found (Meta Ad Library name search, Sep 29 2026 - keyword search, not definitive)",5.0 stars from ~136 reviews; reviews credit Omar with next-day inspection,https://reviews.birdeye.com/905-hvac-166944942675405,Refrigeration work suggests some commercial mix. [Score: size 2 / owner 1 / growth 1 / ads 2 / reputation 3 / residential 2 / response gap 1] [Ads/hiring rechecked Sep 29 2026],Not called,,,,
B,12,Anything Gas Master Mechanical Ltd.,Barrie,ON,Lunch 12:00–12:45 PT,(705) 720-2842,William (Bill) Weishuhn,Owner,Medium,https://www.bbb.org/ca/on/barrie/profile/heating-and-air-conditioning/anything-gas-master-mechanical-ltd-0107-1379121,,,https://www.barrieheatingandairconditioning.com/,4.7 (Birdeye aggregate),35,"~35 reviews; three-generation family business, in Barrie since 2000; also runs springwaterheatingandcooling.com",Not checked (Indeed rate-limited Sep 29 2026),"None found (Meta Ad Library name search, Sep 29 2026 - keyword search, not definitive)",Three-generation family HVAC business serving Barrie since 2000; reviewers call Bill the most honest contractor they got quotes from,https://www.barrieheatingandairconditioning.com/,Phone numbers disagree (705-720-2842 on site contact page vs 705-305-3654 elsewhere). Small. [Score: size 1 / owner 2 / growth 1 / ads 2 / reputation 2 / residential 3 / response gap 1] [Ads/hiring rechecked Sep 29 2026],Not called,,,,
B,12,Burlington Heating & Air Conditioning Inc.,Burlington,ON,Lunch 12:00–12:45 PT,(905) 407-1406,David Horner,President,Medium,https://www.bbb.org/ca/on/burlington/profile/heating-and-air-conditioning/burlington-heating-air-conditioning-inc-0107-1240442,,,https://burlingtonheating.ca/,Unverified,Unverified,Trane dealer; King Rd location,"None found (Indeed name search, Sep 29 2026 - search is incomplete)","Meta - 2 active ads as of Sep 29 2026: 'Instant Rebates Up to $1,250 on Trane Systems' (started Sep 23) and 'Rebates Up to $1,250 on HVAC Systems' (started Sep 28) - Meta Ad Library Page ID 352179234797822","Running a Facebook ad right now: 'Instant Rebates Up to $1,250 on Trane Systems' (started Sep 23)",https://www.facebook.com/ads/library/?id=1116859924205640,Review count not found; check Google. [Score: size 1 / owner 2 / growth 1 / ads 3 / reputation 1 / residential 3 / response gap 1] [Ads/hiring rechecked Sep 29 2026],Not called,,,,
B,12,CoreTemp Heating & Air,Mississauga,ON,Lunch 12:00–12:45 PT,(416) 520-0574,Richard Payer,Owner / Founder,High,https://www.coretemp.ca/about,,,https://www.coretemp.ca/,Unverified,Unverified,"Serves Mississauga, Oakville, Milton, Georgetown, Burlington; 30+ yrs owner experience","None found (Indeed name search, Sep 29 2026 - search is incomplete)","None found (Meta Ad Library name search, Sep 29 2026 - keyword search, not definitive)",Won HomeStars 'Best of the Best' and 'Best Of' awards for 2025,https://www.coretemp.ca/,Lennox dealer. Review count not found - check Google before calling. [Score: size 1 / owner 3 / growth 1 / ads 2 / reputation 1 / residential 3 / response gap 1] [Ads/hiring rechecked Sep 29 2026],Not called,,,,
B,12,Daly Home Comfort,Oshawa (Courtice),ON,Lunch 12:00–12:45 PT,(905) 924-3657,Brae Daly,Founder / Owner (licensed gas technician),High,https://dalyhomecomfort.com/,,,https://dalyhomecomfort.com/,"5.0 (Google, per site)",Unverified,Founded 2012; serves Durham Region,"None found (Indeed name search, Sep 29 2026 - search is incomplete)","None found (Meta Ad Library name search, Sep 29 2026 - keyword search, not definitive)",Founded in 2012 by Brae Daly; reviewers say Brae picks up or calls back quickly every time,https://homestars.com/companies/2882158-brae-daly,Owner answers the phone himself - could be near one-truck; confirm team size. [Score: size 1 / owner 3 / growth 1 / ads 2 / reputation 1 / residential 3 / response gap 1] [Ads/hiring rechecked Sep 29 2026],Not called,,,,
B,12,EcoFrost Heating and Cooling,Mississauga,ON,Lunch 12:00–12:45 PT,(416) 835-4775,,,None,,,,https://www.ecofrostheating.ca/,4.9 (Birdeye aggregate),97,Family-run; says 15 licensed technicians; since 2015; Lennox authorized,"None found (Indeed name search, Sep 29 2026 - search is incomplete)","None found (Meta Ad Library name search, Sep 29 2026 - keyword search, not definitive)",Family-run team of 15 licensed technicians offering 24/7 service with $0 overtime,https://www.ecofrostheating.ca/,No owner named; reviews mention 'Nisar' leading installs (role unknown). Ask who handles marketing. [Score: size 3 / owner 0 / growth 1 / ads 2 / reputation 2 / residential 3 / response gap 1] [Ads/hiring rechecked Sep 29 2026],Not called,,,,
B,12,Four Season Comfort Heating & Cooling,Brampton,ON,Lunch 12:00–12:45 PT,(416) 524-7228,Craig Newhouse,Owner,Medium,https://ca.linkedin.com/in/craig-newhouse-a210b471,,,https://fourseasoncomfort.com/,Unverified,95 (Birdeye aggregate),~95-131 reviews; Trane dealer; industrial-unit office on Advance Blvd,"None found (Indeed name search, Sep 29 2026 - search is incomplete)","None found (Meta Ad Library name search, Sep 29 2026 - keyword search, not definitive)","Trane dealer with ~95 online reviews, serving Toronto & the GTA from Brampton",https://reviews.birdeye.com/four-season-comfort-heating-cooling-166778366171676,Owner via LinkedIn + BBB summary. [Score: size 2 / owner 2 / growth 1 / ads 2 / reputation 1 / residential 3 / response gap 1] [Ads/hiring rechecked Sep 29 2026],Not called,,,,
B,12,Furnace & AC Experts,Mississauga,ON,Lunch 12:00–12:45 PT,(905) 595-0505,Asif Khan,Director / Business Owner,Medium,https://www.yelp.ca/biz/furnace-and-ac-experts-mississauga,,,https://www.furnaceacexperts.ca/,Unverified,807 (Birdeye aggregate),~807 reviews; Carrier Factory Authorized Dealer; Brampton + Mississauga addresses,"None found (Indeed name search, Sep 29 2026 - search is incomplete)","None found (Meta Ad Library name search, Sep 29 2026 - keyword search, not definitive)",Carrier Factory Authorized Dealer with ~807 online reviews,https://reviews.birdeye.com/furnace-ac-experts-162896816629887,"Sources disagree on founding (Yelp says est. 2015; Carrier page says 28+ yrs family-owned). Two addresses listed (Mississauga Britannia Rd, Brampton Wilkinson Rd). [Score: size 2 / owner 2 / growth 1 / ads 2 / reputation 1 / residential 3 / response gap 1] [Ads/hiring rechecked Sep 29 2026]",Not called,,,,
B,12,HVAC Zack,Oshawa,ON,Lunch 12:00–12:45 PT,(705) 344-3124,Zachary Laundrie,Owner-operator,Medium,https://hvaczack.ca/,,,https://hvaczack.ca/,5.0,"85+ (Google, per site)","Owner-operator, 15+ yrs in Durham; 85+ five-star Google reviews",Not checked (Indeed rate-limited Sep 29 2026),"None found (Meta Ad Library name search, Sep 29 2026 - keyword search, not definitive)",85+ five-star Google reviews; featured in the HRAI newsletter,https://www.hrai.ca/newsletter/hvac-zack,FLAG: same street address (21 Simcoe St S) as an Oshawa listing for Superior HVAC Service (large operator) - check whether they are linked. May be one-truck. [Score: size 1 / owner 2 / growth 1 / ads 2 / reputation 2 / residential 3 / response gap 1] [Ads/hiring rechecked Sep 29 2026],Not called,,,,
B,12,Hargrave Heating & Air Conditioning,Markham,ON,Lunch 12:00–12:45 PT,(905) 946-9799,,,None,,,,https://hargraveheating.com/,4.9 (Birdeye aggregate),314,~314 reviews; since 2007; 24/7 emergency line 416-988-9799,"None found (Indeed name search, Sep 29 2026 - search is incomplete)","None found (Meta Ad Library name search, Sep 29 2026 - keyword search, not definitive)",4.9 stars from ~314 reviews; in business since 2007,https://reviews.birdeye.com/hargrave-heating-air-conditioning-166806810057051,Operations manager is 'Tim'; owner not found. Ask for Tim or whoever handles marketing. [Score: size 2 / owner 0 / growth 1 / ads 2 / reputation 3 / residential 3 / response gap 1] [Ads/hiring rechecked Sep 29 2026],Not called,,,,
B,12,Mr. Heat Mechanical Inc.,Richmond Hill,ON,Lunch 12:00–12:45 PT,(905) 707-1299,,,None,,,,https://www.mrheatmechanical.com/,4.8 (Birdeye aggregate),281,~281 reviews; HVAC + electrical; Sims Cres unit; serves Richmond Hill & Vaughan,"None found (Indeed name search, Sep 29 2026 - search is incomplete)","None found (Meta Ad Library name search, Sep 29 2026 - keyword search, not definitive)",4.8 stars from ~281 reviews; reviewers praise their sizing advice,https://reviews.birdeye.com/mr-heat-mechanical-inc-163363121836885,No owner found - check the About page. [Score: size 2 / owner 0 / growth 1 / ads 2 / reputation 3 / residential 3 / response gap 1] [Ads/hiring rechecked Sep 29 2026],Not called,,,,
B,12,Priority Air Comfort Inc.,Brampton,ON,Lunch 12:00–12:45 PT,(647) 227-8884,Tejinderpal Singh,Owner,Medium,https://www.bbb.org/ca/on/brampton/profile/heating-and-air-conditioning/priority-air-comfort-inc-0107-1401099,,,https://priorityaircomfort.ca/,5.0 (Birdeye aggregate),89,"~89 reviews; serves Brampton, Milton, Caledon, Mississauga","None found (Indeed name search, Sep 29 2026 - search is incomplete)","None found (Meta Ad Library name search, Sep 29 2026 - keyword search, not definitive)",5.0 stars from ~89 reviews; customers name Tejinder personally,https://reviews.birdeye.com/priority-air-comfort-inc-hvac-contractor-for-furnace-repair-ac-repair-in-brampton-milton-caledon-mississauga-171830020101818,Second number listed: 647-806-1992. Residential address; may be small. [Score: size 1 / owner 2 / growth 1 / ads 2 / reputation 2 / residential 3 / response gap 1] [Ads/hiring rechecked Sep 29 2026],Not called,,,,
B,12,Sharpe Advantage Heating & Air Conditioning,Whitby,ON,Lunch 12:00–12:45 PT,(905) 441-5466,,,None,,,,https://sharpeadvantage.ca/,5.0 (Birdeye aggregate),101,~101 reviews; family-owned 20+ yrs; Consumers Dr unit; American Standard dealer; 24-hr emergency,"None found (Indeed name search, Sep 29 2026 - search is incomplete)","None found (Meta Ad Library name search, Sep 29 2026 - keyword search, not definitive)",5.0 stars from ~101 reviews; family-owned for 20+ years,https://reviews.birdeye.com/sharpe-advantage-heating-and-air-conditioning-166916694891815,Reviews mention 'Darryl' (role unknown). Ask who handles marketing. [Score: size 2 / owner 0 / growth 1 / ads 2 / reputation 3 / residential 3 / response gap 1] [Ads/hiring rechecked Sep 29 2026],Not called,,,,
B,12,The HVAC Squad,Brampton,ON,Lunch 12:00–12:45 PT,(647) 613-5857,Jagdeep (Jag) Singh,President,Medium,https://www.linkedin.com/in/jagdeep-singh-2a6914359/,,,https://thehvacsquad.ca/,5.0 (Birdeye aggregate),50,"~50 reviews; heating, cooling & generators","None found (Indeed name search, Sep 29 2026 - search is incomplete)","None found (Meta Ad Library name search, Sep 29 2026 - keyword search, not definitive)",5.0 stars from ~50 reviews; reviewers credit Jag for explaining options,https://reviews.birdeye.com/the-hvac-squad-166935563217156,Also lists (647) 701-8265. Small; check truck count. [Score: size 1 / owner 2 / growth 1 / ads 2 / reputation 2 / residential 3 / response gap 1] [Ads/hiring rechecked Sep 29 2026],Not called,,,,
B,12,The Heatman Heating & Cooling,Mississauga,ON,Lunch 12:00–12:45 PT,(647) 892-7396,Zbigniew (Zibi) Grzych,Owner / President,High,https://www.bbb.org/ca/on/mississauga/profile/heating-and-air-conditioning/the-heatman-heating-cooling-0107-1415806,,,https://theheatman.ca/,Unverified,97 (Birdeye aggregate),~97 reviews; family operated since 2004; Mississauga/Oakville/Etobicoke,Not checked (Indeed rate-limited Sep 29 2026),"None found (Meta Ad Library name search, Sep 29 2026 - keyword search, not definitive)",Family-run since 2004 with ~97 online reviews; advertises 24-hour availability,https://theheatman.ca/,"BBB management + LinkedIn 'President' agree. Business address looks residential, so may be small (check tech count). [Score: size 1 / owner 3 / growth 1 / ads 2 / reputation 1 / residential 3 / response gap 1] [Ads/hiring rechecked Sep 29 2026]",Not called,,,,
B,11,Admore Comfort Heating & Cooling Inc.,Brampton,ON,Lunch 12:00–12:45 PT,(647) 200-0054,Yama (surname unknown),Leads team (per reviews),Low,https://reviews.birdeye.com/admore-comfor-heating-cooling-inc-166920014910721,,,https://www.admorecomfort.net/,4.9 (Birdeye aggregate),69,~69 reviews; residential address,Not checked (Indeed rate-limited Sep 29 2026),"None found (Meta Ad Library name search, Sep 29 2026 - keyword search, not definitive)",4.9 stars from ~69 reviews,https://reviews.birdeye.com/admore-comfor-heating-cooling-inc-166920014910721,Small. [Score: size 1 / owner 1 / growth 1 / ads 2 / reputation 2 / residential 3 / response gap 1] [Ads/hiring rechecked Sep 29 2026],Not called,,,,
B,11,D.A.D. HVAC Ltd.,Hamilton,ON,Lunch 12:00–12:45 PT,(888) 323-4822,Daniel Ahumada; Derek Pimentel,Co-founders (CEO / CFO),Medium,https://www.bbb.org/ca/on/hamilton/profile/heating-and-air-conditioning/dad-hvac-ltd-0107-1389979,,,https://dadhvac.ca/,5.0,55 (Google),~55 Google reviews; founded 2020; residential + commercial,"None found (Indeed name search, Sep 29 2026 - search is incomplete)","None found (Meta Ad Library name search, Sep 29 2026 - keyword search, not definitive)",5.0 stars across 55 Google reviews since starting in 2020,https://reviews.birdeye.com/dad-hvac-166849754833942,Only a toll-free number found; the site email starts with 'dan@'. [Score: size 1 / owner 2 / growth 1 / ads 2 / reputation 2 / residential 2 / response gap 1] [Ads/hiring rechecked Sep 29 2026],Not called,,,,
B,11,Gas Fitter Complete HVAC Service Inc.,Hamilton,ON,Lunch 12:00–12:45 PT,(905) 518-0688,Greg (surname unknown),Owner and technician,Low,https://www.gasfitterhvachamilton.com/,,,https://www.gasfitterhvachamilton.com/,4.9 (Birdeye aggregate),76,~76 reviews; family-owned; owner is also a technician,Not checked (Indeed rate-limited Sep 29 2026),"None found (Meta Ad Library name search, Sep 29 2026 - keyword search, not definitive)",4.9 stars from ~76 reviews,https://reviews.birdeye.com/gas-fitter-complete-hvac-service-inc-166817214507430,May be near one-truck size - owner works on the tools. [Score: size 1 / owner 1 / growth 1 / ads 2 / reputation 2 / residential 3 / response gap 1] [Ads/hiring rechecked Sep 29 2026],Not called,,,,
B,11,MY HVAC guy,Hamilton,ON,Lunch 12:00–12:45 PT,(289) 768-2744,Matt Youngblut,Founder,Medium,https://myhvacguy.ca/,,,https://myhvacguy.ca/,Unverified,Unverified,"Started 2018; serves Hamilton, Halton, Niagara",Not checked (Indeed rate-limited Sep 29 2026),"None found (Meta Ad Library name search, Sep 29 2026 - keyword search, not definitive)",Founder Matt Youngblut started MY HVAC guy in 2018 after 10+ years in commercial and residential HVAC,https://myhvacguy.ca/,Size unknown; possibly small. [Score: size 1 / owner 2 / growth 1 / ads 2 / reputation 1 / residential 3 / response gap 1] [Ads/hiring rechecked Sep 29 2026],Not called,,,,
B,11,Markham Heating & Air Conditioning Systems,Markham,ON,Lunch 12:00–12:45 PT,(905) 471-1748,Vijay (surname unknown),"Current owner (founded by Lon & Bev Herder, 1983)",Low,https://www.yelp.ca/biz/markham-heating-and-air-conditioning-systems-markham,,,https://markhamheating.com/,4.9,"65 (Google, per search summary)","Family-owned since 1983; Don Park Rd; serves Markham, Richmond Hill, Thornhill, Stouffville, North York",Not checked (Indeed rate-limited Sep 29 2026),"None found (Meta Ad Library name search, Sep 29 2026 - keyword search, not definitive)",Family-run Markham shop since 1983; 4.9 stars from 65 Google reviews; reviews mention same-day technicians,https://markhamheating.com/,Current owner known only as 'Vijay'. Runs PR articles (marketing spend signal). [Score: size 1 / owner 1 / growth 1 / ads 2 / reputation 2 / residential 3 / response gap 1] [Ads/hiring rechecked Sep 29 2026],Not called,,,,
B,11,Ontario Heating Ltd.,Brampton,ON,Lunch 12:00–12:45 PT,(905) 595-6999,Chris Frustaglio,Owner,Low,https://rocketreach.co/ontario-heating-ltd-profile_b5eb749bf42e84e9,,,https://www.ontarioheatingltd.com/,4.6 (Birdeye aggregate),87,~87 reviews; commercial unit on Advance Blvd; has a 'Locations' page,"None found (Indeed name search, Sep 29 2026 - search is incomplete)","None found (Meta Ad Library name search, Sep 29 2026 - keyword search, not definitive)",4.6 stars from ~87 reviews,https://reviews.birdeye.com/ontario-heating-ltd-166990160290026,"Owner name only from a RocketReach summary - confirm on call. Check the 'Locations' page for multi-location/multi-brand before calling. Owner name only from a data-aggregator summary (RocketReach/ZoomInfo), not a preferred source - confirmed Low. [Score: size 2 / owner 1 / growth 1 / ads 2 / reputation 2 / residential 2 / response gap 1] [Ads/hiring rechecked Sep 29 2026]",Not called,,,,
B,11,Sentral HVAC & Plumbing,Oakville,ON,Lunch 12:00–12:45 PT,(905) 829-1333,Essam Ali,Managing Director,Low,https://www.zoominfo.com/pic/sentral-hvac--plumbing/560960447,,,https://sentralhvac.ca/,4.8 (Birdeye aggregate),46,~46 reviews; HVAC + plumbing; Lennox dealer; Bristol Circle unit,"None found (Indeed name search, Sep 29 2026 - search is incomplete)","None found (Meta Ad Library name search, Sep 29 2026 - keyword search, not definitive)",Reviewers mention follow-up calls after install; 4.8 stars from ~46 reviews,https://reviews.birdeye.com/sentral-hvac-plumbing-166748886619598,"Name only from a ZoomInfo summary (not a preferred source) - confirm. Set to Low if unconfirmed. Owner name only from a data-aggregator summary (RocketReach/ZoomInfo), not a preferred source - confirmed Low. [Score: size 1 / owner 1 / growth 1 / ads 2 / reputation 2 / residential 3 / response gap 1] [Ads/hiring rechecked Sep 29 2026]",Not called,,,,
B,11,Service Express (Vitronaire Technology Inc.),Markham,ON,Lunch 12:00–12:45 PT,(416) 637-1678,,,None,,,,https://www.servicexp.ca/,4.9 (NSO.ca),~375-384,~380 reviews; residential + commercial; American Standard dealer; Esna Park Dr,"None found (Indeed name search, Sep 29 2026 - search is incomplete)","None found (Meta Ad Library name search, Sep 29 2026 - keyword search, not definitive)",4.9 stars from ~380 reviews; reviewers mention technicians arriving quickly even for late-night calls,https://niagarastandsout.ca/directory/hvac/markham/service-express-hvac,Legal name Vitronaire Technology Inc. No owner found. [Score: size 2 / owner 0 / growth 1 / ads 2 / reputation 3 / residential 2 / response gap 1] [Ads/hiring rechecked Sep 29 2026],Not called,,,,
B,11,Tenacity HVAC Inc.,Burlington,ON,Lunch 12:00–12:45 PT,(289) 962-7918,John Linde; Scott Arnold; Scott Gringhuis,Listed contacts (likely partners),Low,https://www.hrai.ca/newsletter/tenacity-hvac-inc.,,,https://www.tenacityhvac.ca/,5.0 (Birdeye aggregate),56,~56 reviews; Legion Rd unit; HRAI member,"N - only posting found is from Mar 4 2026 (outside 60 days), listed under employer 'Veracity Electric Inc' (Indeed)","None found (Meta Ad Library name search, Sep 29 2026 - keyword search, not definitive)",5.0 stars from ~56 reviews; featured in the HRAI member newsletter,https://www.hrai.ca/newsletter/tenacity-hvac-inc.,"Phone numbers disagree: HRAI lists 289-962-7918, another listing 289-253-8036. Titles not stated. FLAG: the Indeed posting 'Join the Tenacity HVAC Family' was placed by Veracity Electric Inc - possible shared owner or multi-company group; check before calling. [Score: size 1 / owner 1 / growth 1 / ads 2 / reputation 2 / residential 3 / response gap 1] [Ads/hiring rechecked Sep 29 2026]",Not called,,,,
B,11,TopCare HVAC of Oakville,Oakville,ON,Lunch 12:00–12:45 PT,(647) 493-0500,Muhaib (Muhibullah),Owner/operator (per reviews),Low,https://www.homestars.com/profile/2894384-top-care-heating-cooling/reviews,,,https://topcarehvac.ca/oakville/,4.8,48,~48 Google reviews; since 2015; Oakville + Mississauga pages,Not checked (Indeed rate-limited Sep 29 2026),"None found (Meta Ad Library name search, Sep 29 2026 - keyword search, not definitive)",4.8 stars on Google from 48 reviews; reviews say Muhaib was the only one who came to the house before quoting,https://www.homestars.com/profile/2894384-top-care-heating-cooling/reviews,Small operation. Owner name only from reviews. [Score: size 1 / owner 1 / growth 1 / ads 2 / reputation 2 / residential 3 / response gap 1] [Ads/hiring rechecked Sep 29 2026],Not called,,,,
B,11,Uniworth Heating & Cooling Ltd.,Mississauga,ON,Lunch 12:00–12:45 PT,(905) 749-1020,,,None,,,,https://www.uniworth.ca/,4.7 (Birdeye aggregate),388,~388 reviews; furnace/AC/water heater/boiler/gas lines,"None found (Indeed name search, Sep 29 2026 - search is incomplete)","None found (Meta Ad Library name search, Sep 29 2026 - keyword search, not definitive)",4.7 stars from ~388 reviews,https://reviews.birdeye.com/uniworth-heating-and-cooling-ltd-166840796413241,No owner found; ask who handles marketing. Offers water heater installs - check whether they push rentals before calling. [Score: size 2 / owner 0 / growth 1 / ads 2 / reputation 2 / residential 3 / response gap 1] [Ads/hiring rechecked Sep 29 2026],Not called,,,,
C,10,AOBUTEC Heating and Cooling,Whitby,ON,Lunch 12:00–12:45 PT,(647) 284-4430,,,None,,,,https://aobutec.ca/,4.9 (NSO.ca),82-93,"~90 reviews; ~25 yrs experience; Whitby, Ajax, Pickering, Oshawa, Scarborough",Not checked (Indeed rate-limited Sep 29 2026),"None found (Meta Ad Library name search, Sep 29 2026 - keyword search, not definitive)",4.9 stars from ~90 reviews; advertises 24-hour AC technicians,https://niagarastandsout.ca/directory/hvac/whitby/aobutec,Reviews name technician 'Abraham'. Owner unknown. [Score: size 1 / owner 0 / growth 1 / ads 2 / reputation 2 / residential 3 / response gap 1] [Ads/hiring rechecked Sep 29 2026],Not called,,,,
C,10,Bosanac Heating & Electric,Hamilton,ON,Lunch 12:00–12:45 PT,(905) 545-3959,,,None,,,,https://bosanac.ca/,Unverified,Unverified,Family-owned since 1956; HVAC + electrical; residential + commercial; Hamilton Chamber member,"None found (Indeed name search, Sep 29 2026 - search is incomplete)","None found (Meta Ad Library name search, Sep 29 2026 - keyword search, not definitive)",Family-owned Hamilton HVAC & electrical shop since 1956,https://bosanac.ca/about/,GM is Bogdan Lupascu (BBB) - no owner named. Ask for Bogdan or whoever handles marketing. [Score: size 2 / owner 1 / growth 1 / ads 2 / reputation 1 / residential 2 / response gap 1] [Ads/hiring rechecked Sep 29 2026],Not called,,,,
C,10,Castlemore Heating & Cooling Inc.,Brampton,ON,Lunch 12:00–12:45 PT,(416) 684-4194,Raj (surname unknown),Named in reviews,Low,https://reviews.birdeye.com/castlemore-heating-cooling-166813572682494,,,https://castlemorehvac.wixsite.com/castlemore-heating-a,5.0 (Birdeye aggregate),73,~73 reviews; residential address; basic Wix site,Not checked (Indeed rate-limited Sep 29 2026),"None found (Meta Ad Library name search, Sep 29 2026 - keyword search, not definitive)",5.0 stars from ~73 reviews while running only a basic Wix website,https://reviews.birdeye.com/castlemore-heating-cooling-166813572682494,Small. [Score: size 1 / owner 1 / growth 1 / ads 1 / reputation 2 / residential 3 / response gap 1] [Ads/hiring rechecked Sep 29 2026],Not called,,,,
C,10,First Choice Heating & Air Conditioning Inc.,Oakville,ON,Lunch 12:00–12:45 PT,(905) 334-7885,,,None,,,,https://firstchoicehvac.ca/,5.0 (NSO.ca),43,~43 reviews; residential address,Not checked (Indeed rate-limited Sep 29 2026),"None found (Meta Ad Library name search, Sep 29 2026 - keyword search, not definitive)",5.0 stars from 43 reviews,https://niagarastandsout.ca/directory/hvac/oakville/first-choice-heating-air-conditioning,No owner found. Small. [Score: size 1 / owner 0 / growth 1 / ads 2 / reputation 2 / residential 3 / response gap 1] [Ads/hiring rechecked Sep 29 2026],Not called,,,,
C,10,HVAC-Group,Mississauga,ON,Lunch 12:00–12:45 PT,(416) 807-2752,Yuriy Tsaryk,Owner,Medium,https://www.bbb.org/ca/on/mississauga/profile/heating-system-repair/hvac-group-0107-1382669,,,https://hvac-group.com/,5.0 (TrustAnalytica),Unverified,"Since 2009; '3,500+ customers'; residential + commercial",Not checked (Indeed rate-limited Sep 29 2026),Unknown (not found in Meta Ad Library keyword search),Reviews repeatedly credit 'Yuri' personally; in business since 2009,https://trustanalytica.org/ca/on/mississauga/reviews/hvac-group,Owner via BBB (search summary). Mixed residential/commercial. [Score: size 1 / owner 2 / growth 1 / ads 2 / reputation 1 / residential 2 / response gap 1] [Ads/hiring rechecked Sep 29 2026],Not called,,,,
C,10,Heat Flow HVAC,Burlington,ON,Lunch 12:00–12:45 PT,(647) 847-7751,,,None,,,,https://www.heatflowhvac.ca/,4.9 (NSO.ca),64,~64 reviews; Fairview St unit,Not checked (Indeed rate-limited Sep 29 2026),"None found (Meta Ad Library name search, Sep 29 2026 - keyword search, not definitive)",4.9 stars from 64 reviews,https://niagarastandsout.ca/directory/hvac/burlington/heat-flow-hvac,No owner found. [Score: size 1 / owner 0 / growth 1 / ads 2 / reputation 2 / residential 3 / response gap 1] [Ads/hiring rechecked Sep 29 2026],Not called,,,,
C,10,MH Heating and Cooling Solutions,Mississauga,ON,Lunch 12:00–12:45 PT,(647) 862-8248,Hadi (surname unknown),Likely owner (named in reviews),Low,https://www.homestars.com/profile/2934873-mh-heating-cooling-solutions/reviews,,,https://mhheatingandcooling.ca/,5.0 (TrustAnalytica),Unverified,Est. 2016; locally owned; 24/7,Not checked (Indeed rate-limited Sep 29 2026),Unknown (not found in Meta Ad Library keyword search),Advertises 24/7 service; reviews name Hadi for fast response,https://mhheatingandcooling.ca/contact-us/,Owner not stated on site; 'Hadi' only from reviews. Size uncertain - residential address. [Score: size 1 / owner 1 / growth 1 / ads 2 / reputation 1 / residential 3 / response gap 1] [Ads/hiring rechecked Sep 29 2026],Not called,,,,
C,10,Peatson's Heating and Air Conditioning Ltd.,Brampton,ON,Lunch 12:00–12:45 PT,(905) 451-6704,Wayne McCracken,Owner,Medium,https://www.bbb.org/ca/on/brampton/profile/heating-and-air-conditioning/peatsons-heating-and-air-conditioning-ltd-0107-1135895,,,https://www.peatsonsheatair.com/,Unverified,Unverified,Long-established Brampton shop (West Dr commercial unit),Not checked (Indeed rate-limited Sep 29 2026),"None found (Meta Ad Library name search, Sep 29 2026 - keyword search, not definitive)",Long-running Brampton HVAC shop on West Drive with owner Wayne McCracken listed on BBB,https://www.bbb.org/ca/on/brampton/profile/heating-and-air-conditioning/peatsons-heating-and-air-conditioning-ltd-0107-1135895,Review count not found; check Google first. Second number: (905) 270-0356. [Score: size 1 / owner 2 / growth 1 / ads 1 / reputation 1 / residential 3 / response gap 1] [Ads/hiring rechecked Sep 29 2026],Not called,,,,
C,9,Tropic Air Heating & Cooling,Markham,ON,Lunch 12:00–12:45 PT,(416) 492-7633,,,None,,,,https://tropicair.ca/,Unverified,Unverified,"Since 1992; HVAC, fireplaces, water heaters; Woodbine Ave unit",Not checked (Indeed rate-limited Sep 29 2026),"None found (Meta Ad Library name search, Sep 29 2026 - keyword search, not definitive)",Serving the GTA since 1992; one reviewer has used them for 20+ years,https://tropicair.ca/about-us/,"Reviews mention a 'Mr Walker' - possibly the owner, unconfirmed. [Score: size 1 / owner 0 / growth 1 / ads 2 / reputation 1 / residential 3 / response gap 1] [Ads/hiring rechecked Sep 29 2026]",Not called,,,,
